customer_id,name,city,city_tier,signup_date,acquisition_source,loyalty_tier
C001,Aarav,Mumbai,1,2026-01-07,Organic,Gold
C002,Vivaan,Delhi,1,2026-02-27,Referral,Gold
C003,Aditi,Mumbai,1,2026-06-23,Organic,Gold
C004,Ananya,Lucknow,2,2026-01-23,Organic,Silver
C005,Ishaan,Mumbai,1,2026-01-08,Referral,Gold
C006,Diya,Delhi,1,2026-05-10,Organic,Gold
C007,Kabir,Lucknow,2,2026-02-20,Organic,Silver
C008,Meera,Lucknow,2,2026-04-18,Ad,Silver
C009,Rohan,Lucknow,2,2026-03-13,Social,Silver
C010,Sara,Mumbai,1,2026-02-10,Organic,Gold
C011,Arjun,Bangalore,1,2026-03-13,Referral,Gold
C012,Priya,Bangalore,1,2026-01-27,Referral,Gold
C013,Karan,Mumbai,1,2026-04-02,Social,Gold
C014,Neha,Lucknow,2,2026-03-09,Social,Silver
C015,Yash,Jaipur,2,2026-05-18,Referral,Silver
C016,Pooja,Jaipur,2,2026-01-21,Organic,Silver
C017,Rahul,Lucknow,2,2026-04-03,Organic,Silver
C018,Simran,Mumbai,1,2026-01-12,Organic,Gold
C019,Dev,Bangalore,1,2026-01-21,Social,Gold
C020,Tara,Mumbai,1,2026-04-08,Ad,Gold
C021,Aryan,Bangalore,1,2026-02-11,Ad,Gold
C022,Kavya,Delhi,1,2026-06-21,Ad,Gold
C023,Nikhil,Mumbai,1,2026-06-05,Organic,Gold
C024,Riya,Lucknow,2,2026-03-04,Referral,Silver
C025,Varun,Jaipur,2,2026-03-11,Social,Silver
C026,Isha,Lucknow,2,2026-02-26,Organic,Silver
C027,Manav,Mumbai,1,2026-02-28,Social,Gold
C028,Shreya,Bangalore,1,2026-04-13,Ad,Gold
C029,Tanish,Delhi,1,2026-05-26,Social,Gold
C030,Anika,Bangalore,1,2026-02-24,Organic,Gold
C031,Aditya,Jaipur,2,2026-06-14,Ad,Silver
C032,Naina,Bangalore,1,2026-02-05,Ad,Gold
C033,Siddharth,Lucknow,2,2026-05-18,Ad,Silver
C034,Zara,Lucknow,2,2026-04-20,Social,Silver
C035,Krishna,Jaipur,2,2026-04-03,Ad,Silver
C036,Aisha,Delhi,1,2026-05-11,Ad,Gold
C037,Rudra,Mumbai,1,2026-01-29,Referral,Gold
C038,Myra,Delhi,1,2026-06-24,Ad,Gold
C039,Om,Mumbai,1,2026-04-09,Ad,Gold
C040,Vanya,Jaipur,2,2026-05-16,Ad,Silver
C041,Ayaan,Lucknow,2,2026-01-03,Organic,Silver
C042,Sanya,Mumbai,1,2026-06-24,Social,Gold
C043,Reyansh,Bangalore,1,2026-06-14,Ad,Gold
C044,Aria,Bangalore,1,2026-04-22,Referral,Gold
C045,Vihaan,Mumbai,1,2026-03-09,Social,Gold
